index,hanzi,keyword_vi,keyword_en,skip
1,了,-,,
2,病人,Bệnh nhân,hospital patient,
3,肚子,Bụng,stomach ache,
4,厉害,Lợi hại,severe pain,
5,片,Viên,pills tablets,
6,拉肚子,Tẩy trống,diarrhea toilet,
7,鱼,Cá,fish,
8,牛肉,Thịt bò,beef meat,
9,化验,Hóa nghiệm,laboratory test tube,
10,大便,Đại tiện,toilet,
11,小便,Tiểu tiện,urine sample,
12,检查,Kiểm tra,doctor examination,
13,结果,Kết quả,medical report,
14,出来,-,,
15,得,-,,
16,肠炎,Viêm ruột,intestine,
17,消化,Tiêu hóa,digestion,
18,开（药）,Kê,prescription,
19,打针,Tiêm,injection syringe,
20,后,-,,
21,哭,Khóc,crying girl,
22,寂寞,Cô đơn,lonely,
23,所以,-,,
24,别,-,,
25,难过,Buồn bã,sad person,
26,礼堂,Hội trường,auditorium,
27,舞会,Vũ hội,ball dance party,
28,跳舞,Nhảy múa,dancing couple,
29,病,Bị ốm,sick in bed,
30,头疼,Đau đầu,headache,
31,发烧,Sốt,fever thermometer,
32,嗓子,Cổ họng,sore throat,
33,咳嗽,Ho,cough,
34,宿舍,Ký túc xá,dormitory room,
35,感冒,Cảm cúm,cold flu tissue,
36,大夫,Bác sĩ,doctor,
37,碗,Bát,bowl,
38,面条,Mì,noodles,
39,出汗,Ra mồ hôi,sweating,
40,心情,Tâm trạng,mood emotions,
41,上网,Lên mạng,laptop internet,
42,封,Bức,letter envelope,
43,伊妹儿,Email,email,
44,愉快,Vui vẻ,happy,
